trig_num,start_min_win,start_max_win,end_min_win,end_max_win,c,x,x2
2061,-121.85600000000001,-69.15950000000001,260.3915,358.336,531.7414547564495,-0.08513594478636212,9.353797985409673e-05
2067,-120.57600000000001,-56.99400000000001,198.01799999999997,357.568,460.6373218104706,-0.050549005345134665,0.00020194146063755422
2068,-121.08800000000001,-60.579,179.87249999999997,359.104,554.6767190316656,-0.009073275643280239,1.0917460639044108e-05
2069,-120.83200000000001,-61.670500000000004,204.80650000000003,359.36,637.7143406637329,0.04496488442339625,-0.0002709045933617736
2070,-121.60000000000001,-62.444,208.364,358.592,511.6312576195538,-0.01991002590702567,-3.1837340097051175e-05
2074,-121.85600000000001,-84.00750000000001,200.0075,358.336,857.8307656284289,-0.15944374359213268,0.000193097843981307
2077,-121.85600000000001,-67.004,209.34,358.336,551.4951810712504,-0.21711770765782526,0.00027967891700471923
2079,-120.83200000000001,-67.239,186.183,359.36,569.7619066113432,0.021887924482544112,-5.702099032769003e-05
2080,-120.57600000000001,-60.5825,206.0225,357.568,608.5562543513241,-0.010472703913665999,-0.0002464800744040064
2081,-121.85600000000001,-61.70250000000001,187.65449999999998,358.336,533.2445694497974,0.07600701761432149,6.014832955435062e-06
2083,-120.0,-59.8915,186.99550000000002,358.144,510.0366915010308,-0.09273645790191093,0.0002968589360278081
2087,-120.96000000000001,-61.004000000000005,184.94,359.232,534.1003725058106,-0.05884111405703893,-3.486576240057973e-05
2090,-41.856,-20.8715,198.5035,358.464,495.1364040313412,-0.05359684171721489,1.9402376224946167e-05
2093,-121.85600000000001,-62.03,208.942,358.336,500.0931004057491,0.05036024177267563,0.0001503557212420863
2095,-65.792,-32.9225,179.6545,359.104,1558.582345719908,-0.057500804298429915,-2.651204706464379e-05
2099,-90.0,-10.0,180.4035,358.848,530.3693951137076,-0.022974060710286025,-2.8184695508937244e-06
2101,-120.83200000000001,-60.98800000000001,217.404,403.072,960.8520141414344,-0.08455985892578079,3.0023764044904798e-05
2102,-121.85600000000001,-61.228,207.27599999999998,402.048,525.7615880812419,0.017753517579727356,-1.918825849431845e-05
2103,-120.64,-60.9065,167.3065,333.952,505.6207215188427,0.015288284970842059,5.385187482090085e-05
2105,-121.34400000000001,-61.240500000000004,203.09650000000002,402.56,517.4544285497634,-0.04901654434339544,-1.834335778442304e-05
2106,-120.83200000000001,-60.701,214.90900000000002,403.072,585.0271531894766,-0.2208740682865154,0.0003221362515257706
2110,-120.83200000000001,-56.22550000000001,215.87349999999998,403.072,506.7891626622119,0.015415708805959483,-5.9026505982674454e-05
2111,-120.83200000000001,-60.359,216.583,403.072,602.2146809129723,-0.04802225116536,-5.292921348251605e-05
2112,-120.83200000000001,-101.921,267.23299999999995,403.072,581.2851125246362,-0.0674413215390935,2.1849285251015903e-05
2114,-121.85600000000001,-10.0,9.0,26.0,831.5041571746249,0.2875756927689255,0.0018171905670117299
2115,-120.0,-60.045,202.19,403.904,1126.4777240511135,0.04775822772136119,-0.00038327967651975676
2117,-120.57600000000001,-60.559000000000005,201.999,403.32800000000003,518.7531271703303,-0.012349651037076791,-2.842620929263744e-05
2122,-120.83200000000001,-62.157500000000006,266.34950000000003,403.072,497.37220094496655,-0.0075734333767147706,-3.011451157753605e-06
2123,-120.83200000000001,-60.4575,213.4495,403.072,512.1512979338682,0.04259625081345096,1.826454336450209e-05
2125,-120.896,-60.4515,201.62499999999997,403.008,488.68693166552464,0.051883782564505425,4.3278615202503836e-05
2126,-121.664,-60.891,201.32250000000002,402.24,748.2646205298646,-0.22060781514081682,0.00018102686815265725
2129,-121.85600000000001,-61.682,207.41,402.048,518.2365159875717,0.012321269495391063,-4.048265519565196e-07
2132,-121.98400000000001,-61.042,200.984,401.92,501.2725101187568,0.019378414315874243,-1.8881364366570093e-05
2133,-120.83200000000001,-61.351000000000006,203.015,403.072,491.328836006783,-0.04790874066103314,0.00018814419057790844
2138,-120.32000000000001,-51.272000000000006,257.704,403.584,792.8776161891649,0.08059306405269152,0.0003958858293265213
2140,-120.83200000000001,-63.505,212.817,403.072,490.5046492820586,-0.0518641579195748,7.334294958693162e-05
2142,-121.60000000000001,-60.978,49.93050000000001,97.47200000000001,764.5415212540184,0.05300183352246774,-0.0003374979540851759
2143,-120.83200000000001,-60.93000000000001,50.0,200.0,556.7885713051876,0.4137779644620099,-0.0003544327279661671
2145,-120.83200000000001,-60.9065,89.35449999999999,178.112,490.92437119386494,0.08183283965322335,7.335332762937521e-05
2146,-121.408,-60.734,201.382,402.496,581.6637963569377,-0.33011707649142163,0.00013874294592536331
2148,-120.83200000000001,-62.6595,232.61149999999998,403.072,548.7935415607179,-0.03274927286320381,4.3551505576851384e-05
2149,-121.85600000000001,-60.25300000000001,242.397,402.048,532.120443663663,-0.13787874819512197,0.00012901019785629595
2151,-120.70400000000001,-10.0,50.0,200.0,957.002645645005,-0.3066639849932647,-1.9208217204967553e-05
2152,-121.85600000000001,-62.624,203.20000000000002,402.048,584.9714065104165,-0.029696764110147513,-0.0001393657673347294
2155,-120.0,-60.075,202.31099999999998,403.904,527.4312935215278,-0.13709780039002317,0.00017101986646848288
2156,-117.76,-10.0,250.0,300.0,769.8927270359328,0.3852772233666645,0.00010656902990826517
2159,-120.57600000000001,-60.3945,201.601,403.32800000000003,502.3089395873225,0.010029107692648257,-1.7646482584773893e-05
2161,-120.256,-10.0,100.0,275.0,1100.875286734023,0.4098372616884922,3.576615877928273e-05
2163,-121.34400000000001,-60.7815,201.38899999999998,402.56,491.9233990832419,-0.0497659225481715,4.174114540065547e-05
2167,-120.512,-10.0,100.0,200.0,1065.0300401839804,0.0035806305789387416,-0.0004767613441292713
2181,-120.83200000000001,-67.82050000000001,245.0045,403.072,480.21113833279935,0.04689891978109704,4.4341465931143346e-07
2187,-120.83200000000001,-63.097,212.40900000000002,403.072,515.4506382676251,0.2710494251815253,7.667987091148219e-05
2188,-121.85600000000001,-65.051,211.771,351.168,545.3940140039751,0.07776171277767024,5.2772641893220606e-05
2189,-120.83200000000001,-10.0,100.0,300.0,481.8798266689995,0.01927365291151502,0.00015561064552385722
2190,-301.056,-173.5795,163.4995,222.848,524.4422788602986,0.07982655630618826,0.00014676582431374488
2191,-120.83200000000001,-62.197500000000005,215.44549999999998,403.072,511.5564699217322,0.03981141010321416,1.887381654819302e-05
2193,-121.85600000000001,-60.803000000000004,271.619,402.048,666.1762213614883,-0.09113802192005198,8.057660265100669e-05
2197,-121.60000000000001,-10.0,100.0,275.0,506.4813061387474,0.015750471314510756,-0.00016012372994045348
2201,-121.85600000000001,-10.0,201.0865,402.048,829.6424314536118,-0.15727889102099837,-2.2491645786730317e-05
2202,-120.83200000000001,-64.561,208.049,403.072,618.674446419693,0.2086950589187593,-0.00019707867492965684
2203,-120.32000000000001,-62.88,210.01600000000002,403.584,484.7988460530755,-0.027531930683412413,3.1846133418049007e-06
2204,-121.85600000000001,-66.5725,208.9725,402.048,586.9870172540373,0.2165888544551567,-0.00024834025732701733
2205,-121.60000000000001,-61.231500000000004,201.9035,402.30400000000003,585.0014369610101,-0.05735218443415971,-7.178141529545946e-05
2206,-121.47200000000001,-60.862500000000004,201.5045,402.432,545.1606803834111,-0.20888996055441367,0.00010355058206261204
2207,-121.85600000000001,-61.73500000000001,202.279,402.048,503.1004513939571,-0.020478644020315556,7.623537771384119e-05
2211,-121.85600000000001,-10.0,200.0,300.0,709.8592142498183,0.16161551186948545,0.00016419364528474649
2213,-121.08800000000001,-10.0,80.0,125.0,624.2512428882217,0.13408377589968692,0.0002780092813202652
2217,-45.056,-22.554499999999997,239.7545,478.848,538.7547075936126,0.052087909559611276,-4.484335613595245e-05
2219,-121.60000000000001,-62.20250000000001,207.2585,402.30400000000003,551.4939612561541,-0.32124181236336474,0.00039870565243420054
2220,-121.28,-61.217,201.53250000000003,402.624,1014.0974294672341,-0.04118010676131436,5.991155204120112e-05
2228,-120.83200000000001,-58.658500000000004,250.01850000000002,403.072,538.7016835579406,0.019075554087254892,0.00014203734993479446
2230,-121.85600000000001,-10.0,47.739,91.072,488.93943077565496,-0.06877181515052533,-0.00028841632866276367
2232,-120.512,-61.344500000000004,155.4885,250.112,516.1879201021944,0.1300598309644678,0.0001426578447059516
2233,-121.85600000000001,-65.087,208.191,402.048,506.3710433929684,0.040491482540435664,-4.227018159455412e-05
2240,-120.83200000000001,-65.664,220.72,403.072,549.9872623224476,0.014927487575887282,-8.70203110148214e-05
2244,-120.83200000000001,-65.68100000000001,332.577,403.072,449.9146088461747,0.026601511070430333,9.015481254203653e-05
2252,-120.83200000000001,-63.682500000000005,222.6585,403.072,468.7989004731503,0.08929077084238274,8.483039524297817e-06
2253,-120.06400000000001,-59.975500000000004,211.9435,403.84000000000003,719.2099932544394,-0.16303813197290642,0.00030990362937438615
2254,-121.21600000000001,-60.834,204.354,402.688,474.84628853454126,0.027087637357730156,-2.4274297001759603e-05
2265,-121.664,-60.868,75.554,150.656,505.54263736570954,-0.08981121642804415,-9.320450279280008e-05
2267,-121.08800000000001,-61.005,208.717,402.81600000000003,530.1555725309881,-0.0735331969043419,1.3919031409123856e-05
2268,-121.34400000000001,-61.18450000000001,201.8735,402.56,460.9101359912587,0.002162140523202745,4.1505607150072145e-05
2273,-120.512,-60.3205,201.8095,403.392,1054.4331573365873,0.025152947781240113,-8.789419108020501e-05
2276,-143.36,-109.584,212.992,380.544,693.7639860341425,0.17247156761307844,9.673892755022578e-05
2277,-120.83200000000001,-61.45,236.93800000000002,403.072,832.8490010463995,-0.33927258781249287,0.00028703202167551663
2283,-121.28,-60.835,202.56300000000002,402.624,468.7429670864731,-0.04312306725597941,0.00016900896524245054
2287,-94.208,-52.3735,550.0,847.808,556.7543847249678,-0.049764913103514434,-9.51444430855482e-06
2288,-121.34400000000001,-10.0,201.42149999999998,402.56,983.3904070169832,0.07183513581930452,0.0003496204972930325
2291,-121.85600000000001,-61.005500000000005,201.0695,402.048,387.59120365780956,0.03168288259702082,0.00013524412099534514
2298,-121.85600000000001,-63.212,237.932,402.048,457.68434788397803,-0.04705229987285579,-2.8342887895504828e-05
2304,-121.85600000000001,-78.57300000000001,195.805,367.552,533.4500626901096,-0.061855053373378016,6.260015447011058e-05
2306,-120.06400000000001,-10.0,216.48050000000003,403.84000000000003,549.7872796407447,-0.08693908209921024,0.00016089994118856826
2309,-52.992000000000004,-26.341,246.053,470.91200000000003,480.7747465056067,-0.025744386589241098,0.00019212317574384481
2310,-121.85600000000001,-70.35600000000001,206.5,402.048,508.6126142962387,0.0013702133913774503,-1.9002605900165037e-05
2311,-121.08800000000001,-73.123,50.0,150.0,633.9434766323909,0.14620978245993121,-8.667063037098104e-05
2312,-120.384,-60.3465,201.8745,403.52,481.95757537255304,-0.061798141622807154,1.2224066305499293e-05
2315,-121.60000000000001,-60.883500000000005,210.9635,402.30400000000003,501.25258911367257,-0.004065165805124807,-5.024605633342056e-05
2316,-121.85600000000001,-60.14300000000001,59.150999999999996,86.976,513.841822887109,-0.016666690755223226,-0.0005201592264475468
2317,-121.60000000000001,-60.813500000000005,201.6775,402.30400000000003,494.9969567283969,-0.1437163230990452,0.00018634531302012906
2320,-121.34400000000001,-60.71,104.467,208.32,985.7840909236342,0.10632718245779586,0.0001604964327521914
2321,-120.32000000000001,-10.0,50.0,200.0,994.4251058950517,-0.3059473664724973,-0.0007855718489740967
2324,-120.83200000000001,-80.209,231.84099999999998,403.072,743.0600572008939,-0.05811175468089018,-8.88914227501924e-05
2326,-120.128,-10.0,201.88250000000002,403.776,572.9221130591277,-0.2818047405510999,0.00012862761937893998
2327,-121.85600000000001,-62.594,202.594,402.048,509.80881803021816,-0.03155574432842459,-8.180122163948035e-06
2328,-121.85600000000001,-65.748,224.644,402.048,567.6281796592042,-0.03796984190984187,-0.00017304167294775782
2329,-61.696,-29.4215,243.69350000000003,462.208,633.4682940580894,-0.40499169896726284,0.00010082146173247096
2330,-120.768,-60.4065,201.9565,403.136,1059.6280685853576,-0.03725760843302922,-6.785968950328525e-05
2332,-120.256,-60.221000000000004,201.913,403.648,534.789427249215,0.12035605847490888,-0.0001389793146948542
2340,-121.47200000000001,-60.557500000000005,212.71750000000003,402.432,523.6920140382373,0.05172480597953996,-0.00012788667726942548
2344,-120.83200000000001,-10.0,50.0,200.0,528.783902315294,0.03653215616149479,-0.00031372742870404126
2345,-120.32000000000001,-62.625,248.993,403.584,533.968633340939,0.06594850831012396,-3.9605058721827976e-05
2346,-121.08800000000001,-69.392,235.168,402.81600000000003,488.2752914457164,0.0006666285989083869,-7.053475544063755e-06
2347,-121.85600000000001,-62.9515,167.3675,322.496,1016.7294153855837,0.04690332484937284,0.00024531522403607264
2349,-121.85600000000001,-10.0,202.5995,402.048,561.4029031284886,-0.2391392546569218,0.00024253363673028744
2352,-120.57600000000001,-60.508,202.18000000000004,403.32800000000003,526.5080622844649,0.041431514482668456,2.509567962593742e-06
2353,-107.584,-53.84,208.65599999999998,416.32,521.5019980614147,-0.14422254059719575,0.0001104048371741921
2357,-110.0,-10.0,205.34350000000003,410.30400000000003,540.6378763637155,-0.14673068198340738,0.00022290073318330408
2358,-120.83200000000001,-61.133500000000005,201.5495,403.072,486.4195285335502,-0.014878915432129441,0.00012051376612025116
2360,-120.0,-60.11,127.72699999999999,254.72,508.0214712729322,0.051519888933359806,-5.471411680831837e-06
2362,-121.28,-61.160000000000004,224.296,402.624,550.5330949463812,0.14238069975417522,-0.00012715703075507018
2365,-120.06400000000001,-10.0,200.0,300.0,636.742457894211,0.14052748724697206,-0.0012056490183551718
2367,-120.83200000000001,-60.8975,211.1055,403.072,521.2387876379538,-0.015723543084097884,-0.00012774356694390533
2368,-120.83200000000001,-10.0,93.7445,184.256,544.2522441493741,0.013943229567675604,3.822215224478648e-05
2371,-121.85600000000001,-60.42100000000001,210.78900000000002,402.048,404.9708784308992,-0.025095682855366414,0.00018737245178529978
2372,-120.128,-60.2385,63.8645,127.616,531.221678270824,-0.040830486810775425,-0.00022218369435107247
2373,-120.83200000000001,-63.86750000000001,227.14749999999998,403.072,453.6293541759278,0.030339978681338108,-6.006670988628613e-05
2375,-121.85600000000001,-62.26200000000001,237.366,402.048,532.7107033705424,0.014999912360621615,1.0717074608059073e-05
2377,-121.34400000000001,-10.0,50.0,100.0,1000.4215177902399,-0.19899587563725968,-0.0010764640752912549
2380,-121.60000000000001,-10.0,100.0,250.0,543.5571181133838,0.02101695417951526,-8.900457302288415e-05
2381,-121.85600000000001,-62.468,202.32399999999998,402.048,795.0972486569661,0.008897830920743182,-5.828064909800479e-05
2382,-120.83200000000001,-10.0,100.0,200.0,640.5863503987313,-0.019680954879551016,-0.00041359335404803364
2383,-121.21600000000001,-10.0,150.0,402.688,561.0538489117279,-0.10234166680281752,-4.605146749647199e-05
2384,-121.47200000000001,-60.813500000000005,201.3255,402.432,511.2003793381358,-0.27420179924871274,0.00016322841772974965
2385,-120.83200000000001,-61.5955,90.5875,163.776,602.4941056389579,0.07258273634082754,6.749310760096736e-05
2387,-121.60000000000001,-60.353,132.83300000000003,220.352,530.7944096384948,-0.19921323700984953,8.005594766077366e-05
2391,-120.83200000000001,-63.0685,208.07649999999998,403.072,435.7489851425346,-0.06702823277722766,0.00013143631766792752
2392,-121.85600000000001,-64.483,129.539,234.43200000000002,606.8802625363778,-0.2192900772225986,0.0002486186605774261
2393,-120.70400000000001,-60.156000000000006,204.42899999999997,403.2,529.4911640302373,0.039735768933982396,-6.429612537948626e-05
2394,-251.648,-60.0,197.002,272.25600000000003,498.9952948383242,-0.2106080864887612,0.00013505329487899345
2395,-121.024,-60.5895,201.5175,402.88,529.0851121846978,-0.05296557929278612,4.890743951246451e-06
2401,-121.85600000000001,-61.63400000000001,202.434,402.048,472.70791794705053,0.06840393072535372,-6.885517131784539e-06
2405,-120.83200000000001,-65.275,238.60999999999999,403.072,486.38266493037867,0.10563070803243198,3.167125350846841e-05
2412,-120.83200000000001,-10.0,2.0,20.0,534.3839993095366,-0.003065342020037226,0.00018667438214876777
2419,-121.85600000000001,-69.12450000000001,238.13250000000002,402.048,754.3894736031351,-0.03715887676350317,-4.866151446874394e-05
2423,-120.83200000000001,-61.61000000000001,206.82600000000002,403.072,516.4431169550284,-0.053705263932677695,3.232260834720882e-06
2424,-121.85600000000001,-10.0,10.0,115.0,492.353273544393,0.027911019857722246,6.784536557406981e-05
2428,-121.85600000000001,-84.5245,255.10049999999998,402.048,498.836390826911,-0.04027077784261925,0.00012074721860636569
2429,-120.83200000000001,-83.61250000000001,225.8685,403.072,753.2163652816463,-0.061381099062922315,2.2440423540244972e-05
2430,-121.85600000000001,-10.0,217.89249999999998,402.048,627.8480515865708,-0.04448700887050855,-0.0002175694156403478
2431,-120.896,-10.0,203.0545,403.008,1194.497661472571,0.4015849092249588,-0.0005293572844299112
2432,-120.06400000000001,-61.408500000000004,209.7285,403.84000000000003,745.612206597917,0.06405094573237362,0.0001123524167307516
2434,-121.08800000000001,-60.7175,201.48550000000003,402.81600000000003,471.4214296368977,-0.024790885950531964,3.899096894986419e-05
2435,-121.85600000000001,-15.0,250.0,402.048,530.8218165541585,-0.07414605939283286,9.26281537658734e-05
2436,-121.85600000000001,-60.429500000000004,218.2535,402.048,519.6317856120961,0.1072944992342301,-0.0001403921724355675
2437,-121.85600000000001,-65.149,209.101,402.048,538.9691345418782,0.05661593700546837,-5.2924515443260595e-06
2438,-121.85600000000001,-63.104000000000006,209.328,402.048,498.11956361332983,0.007220744977786301,3.1802847382434286e-05
2440,-121.85600000000001,-25.0,100.0,200.0,653.3282402994723,0.1805738456693382,-0.00018876522641142978
2441,-121.85600000000001,-80.82150000000001,215.3015,402.048,455.00709670282845,-0.10804996384657554,8.207503704172463e-05
2442,-120.83200000000001,-61.132000000000005,213.452,403.072,491.536480601073,0.0807085077689621,-1.8319350221356322e-05
2443,-120.83200000000001,-63.746500000000005,214.1945,403.072,508.3746916954367,-0.16615807247729195,0.0002303765327195589
2446,-120.83200000000001,-60.273500000000006,206.3535,403.072,547.1158263067691,0.09899779626801918,-9.40386821479782e-05
2447,-121.85600000000001,-66.3065,229.3305,402.048,503.58451728215005,0.08815371607926338,-1.8458404954272797e-05
2448,-120.32000000000001,-60.540000000000006,202.317,403.584,523.4425126990463,0.03619131304958564,-9.83797298081647e-05
2449,-120.256,-60.2385,125.23549999999999,250.368,525.6349972403896,-0.007684876912405419,0.00036778612053299596
2450,-120.32000000000001,-41.12400000000001,244.036,403.584,539.4362369242978,-0.10423261266506788,-1.8188092537181283e-05
2451,-200.192,-101.59450000000001,178.31449999999998,323.712,546.7247043116945,-0.016021226503933065,-1.8825621426113766e-06
2452,-121.85600000000001,-61.58200000000001,213.03799999999998,402.048,538.0010257366956,0.035706153657803164,-1.762452007654162e-05
2453,-120.83200000000001,-62.0835,207.5555,403.072,845.8344265100266,-0.09185569969399197,-0.00010769781227433007
2454,-121.85600000000001,-10.0,201.6525,402.048,608.3047055599698,-0.07253147073706641,-9.943258892381651e-05
2458,-120.06400000000001,-60.222,204.35000000000002,403.84000000000003,522.66358216197,0.03460644928585025,-3.1686540217751996e-05
2460,-120.96000000000001,-60.9305,203.6505,402.944,544.9190433979786,0.044859158971659374,-2.984335421107509e-05
2463,-121.47200000000001,-60.813500000000005,201.2615,402.432,577.0263291555258,0.07092345569972192,8.874424708371531e-06
2464,-120.64,-60.3385,40.0295,80.0,562.2152152115868,-0.07998599580171573,0.0002704787510865461
2472,-120.83200000000001,-64.42,222.292,403.072,545.6273349012412,-0.06540707587905152,9.912587895065367e-05
2476,-120.83200000000001,-60.282000000000004,106.554,180.16,513.4341846892029,-0.05683837314617505,5.267867313873887e-05
2477,-121.08800000000001,-62.657000000000004,211.71300000000002,402.81600000000003,446.4612254929293,-0.08505012797487835,0.00014416948499057513
2482,-121.85600000000001,-10.0,100.0,400.0,985.1684911092842,-0.1630239929868443,-0.0010181246020678238
2484,-120.32000000000001,-61.133,207.88500000000002,403.584,549.0267982306741,-0.09067632793067923,-2.2365755209425205e-05
2485,-121.92,-61.039500000000004,201.0255,401.984,571.2283911154938,-0.034880632992519464,-8.692574972961866e-05
2487,-121.08800000000001,-60.67250000000001,8.1405,16.064,548.588752405076,-0.06707103463631232,0.0013484383014603877
2495,-121.85600000000001,-61.481,220.553,402.048,995.3864468285431,0.20524561239356723,-8.950004009064293e-06
2496,-121.85600000000001,-10.0,219.28549999999998,402.048,506.03030262696774,-0.0410240670560594,-6.0176010174377116e-05
2500,-121.85600000000001,-10.0,115.0,160.0,791.6172932483249,0.04204941750892956,0.00011272059963481105
2502,-111.424,-10.0,100.0,250.0,456.191689282093,0.08742400821792211,4.5306674768239124e-05
2504,-120.384,-60.2695,201.8375,403.52,985.3693454248049,0.08939742996982983,-2.213998362912867e-05
2505,-120.83200000000001,-75.18950000000001,224.26149999999998,403.072,720.3353650037742,0.05892494339660925,4.272796052084571e-05
2508,-120.83200000000001,-61.467000000000006,216.34699999999998,403.072,473.3851193634257,0.07762547615459042,2.4247249767927854e-05
2510,-120.83200000000001,-62.0525,209.7325,403.072,480.1622608290262,0.010001038467646113,7.759346430177154e-05
2511,-121.85600000000001,-66.665,235.833,402.048,482.5817960584039,-0.012634091542858808,-1.6684050093526754e-05
2512,-121.21600000000001,-60.773500000000006,201.433,402.688,519.0518418770597,0.020267424683585188,-1.54603775648517e-06
2513,-121.08800000000001,-10.0,50.0,402.81600000000003,553.2752347156251,0.04286584965899482,-0.00020414081161827506
2514,-120.0,-60.0785,98.8035,197.376,1045.2027788968524,0.051248702843894586,-0.00016752334007353995
2515,-67.0,-12.0,24.410999999999998,46.016,1046.0048566332264,-1.6238526358766279,0.028157673361276236
2519,-121.60000000000001,-10.0,248.0335,402.30400000000003,922.7297416659873,0.4695829828900898,-0.0004554562083145402
2522,-121.85600000000001,-59.795500000000004,243.9235,402.048,499.00641684845596,0.08123655558792153,-9.762767521557202e-05
2523,-120.44800000000001,-10.0,202.1495,403.456,544.9463840842458,0.007764993174978015,-9.606428385196828e-05
2528,-120.83200000000001,-82.79050000000001,213.91049999999998,403.072,523.0677612560228,-0.10937211341503336,2.1145536102217893e-06
2529,-120.96000000000001,-60.6535,201.5175,402.944,574.3234559336867,0.02978779743214861,-0.00014673828760333488
2530,-120.83200000000001,-56.162000000000006,303.746,403.072,484.55640499881304,-0.08674302653389702,4.139304411853418e-05
2533,-121.85600000000001,-58.30500000000001,246.113,402.048,528.2141888931646,0.04713445318953885,-0.00015413025096326955
2536,-120.128,-60.1415,201.96550000000002,403.776,478.8303460512323,0.0857483262047135,-4.3500301589981335e-05
2537,-120.896,-10.0,204.0775,403.008,565.1322802723497,0.2606632978577965,8.93224132178654e-05
2541,-121.85600000000001,-91.6275,221.1155,402.048,547.2675396985686,0.020509021301583004,-3.855970867185478e-05
2542,-120.83200000000001,-74.768,210.912,403.072,668.0411666532483,-0.010742598808596853,-0.000279284634973393
2551,-120.57600000000001,-86.3895,211.58950000000002,403.32800000000003,543.6917649022407,0.005792072254112691,0.00015900302326815645
2560,-120.57600000000001,-61.013000000000005,210.645,403.32800000000003,544.9743430130733,-0.17634673999626793,8.301591833176267e-05
2564,-121.664,-60.9095,201.26149999999998,402.24,549.5210363028256,-0.05179318676846328,4.8109130764847365e-05
2569,-121.60000000000001,-61.669500000000006,213.7975,402.30400000000003,612.001449585628,0.1491398479493187,1.1253754845359149e-05
2570,-121.47200000000001,-61.50450000000001,209.1525,402.432,553.0108090950557,-0.0036925907381403817,-1.0539641322822913e-05
2581,-120.44800000000001,-10.0,254.2725,403.456,554.6503204457823,-0.07496164242080487,8.01731782082217e-05
2583,-121.536,-60.9095,35.533500000000004,70.912,1263.903843168333,0.41639256432026145,-0.0008223005140959209
2585,-120.83200000000001,-61.069500000000005,201.3895,403.072,533.3235741400332,0.008609520756849664,-0.0001447836236489922
2586,-121.08800000000001,-10.0,100.0,350.0,1023.3934459631591,-0.210951937425976,-0.00025333500205170726
2589,-50.0,-10.0,207.716,402.048,792.2588385390368,0.33114869582238593,-0.0001443842310747889
2593,-120.57600000000001,-60.995000000000005,216.99500000000003,403.32800000000003,708.3934137172168,0.15116742253090382,-0.0003343745445192719
2597,-120.768,-60.432,201.666,403.136,796.1865848323458,0.0349489800585985,-5.13940612361519e-05
2599,-121.152,-60.7035,201.39849999999998,402.752,583.5272070223818,0.16388449399306665,-0.00016098743497441746
2600,-121.60000000000001,-61.087,217.98300000000003,402.30400000000003,483.44037902194776,-0.03827328255298237,4.7251083255831996e-05
2603,-120.32000000000001,-59.043000000000006,215.58700000000002,403.584,559.1850467686902,0.15452361980574678,0.00022917226382228407
2606,-121.85600000000001,-80.4445,249.99649999999997,402.048,795.2835295219552,0.24959779580858407,0.00039516868197843075
2608,-120.83200000000001,-66.1085,211.7245,403.072,532.1416134747758,-0.025020798445908394,1.634663648259361e-05
2610,-8.448,-6.5600000000000005,284.35200000000003,515.456,529.9458791399862,0.029895083531961093,-8.70035424867921e-06
2611,-120.768,-60.332,100.0,380.928,452.84149508990805,-0.08395563818321715,6.918253322672854e-05
2614,-120.06400000000001,-60.071000000000005,138.758,277.184,516.3292946905726,0.024740181619686868,-4.10272323431177e-05
2615,-121.60000000000001,-60.834500000000006,201.14050000000003,402.30400000000003,548.8641661368914,-0.03050573019701414,7.028840190007248e-05
2619,-121.85600000000001,-10.0,250.0,402.048,893.6216922540783,0.06111864617223017,-0.0001864510463698792
2620,-38.912,-21.06,252.70800000000003,484.992,761.3709945860805,-0.055206813879294825,-2.269125545824606e-05
2623,-121.72800000000001,-60.9675,202.8235,402.176,575.665940279225,-0.17104984439075588,-1.6947063799691606e-05
2628,-120.19200000000001,-60.109500000000004,94.44550000000001,182.848,764.6984325286194,-0.036572017468436704,-0.0001277038038433083
2632,-89.664,-45.0065,217.76000000000002,434.24,512.3648628900095,0.12164277373077403,-6.555530729184181e-05
2633,-121.60000000000001,-10.0,100.0,200.0,659.2910009012617,0.16773543248923242,-0.00045838958684611155
2634,-120.83200000000001,-50.0,50.0,100.0,726.8821754022921,0.4075428328027102,0.0004880023280278882
2636,-90.624,-45.812999999999995,232.53300000000002,433.28000000000003,528.9280131952701,0.05381874591428859,-8.326546420594358e-05
2640,-121.85600000000001,-62.27550000000001,215.17149999999998,402.048,481.6177630789818,-0.07002361608418979,6.58427421764882e-05
2641,-120.83200000000001,-61.325500000000005,202.63750000000002,403.072,893.7002900343557,0.0012399958372013604,-7.046809242065162e-05
2649,-120.57600000000001,-60.3975,201.7735,403.32800000000003,878.9142896160578,-0.06709963957902061,-2.132002467444222e-05
2660,-121.60000000000001,-61.4765,210.98050000000003,402.30400000000003,533.0122136927504,-0.009149170649634848,8.866062905336207e-05
2662,-120.32000000000001,-10.0,210.44299999999998,403.584,579.358037823173,0.10369805115987842,-0.0001734704371469576
2663,-120.83200000000001,-10.0,50.0,300.0,528.4382710558116,0.06281812518742745,-0.0002465912826918544
2664,-101.376,-53.3455,228.4335,422.528,594.6022500507312,-0.024583869515089875,-5.575716926044248e-05
2665,-120.768,-61.4415,218.24150000000003,403.136,681.3312783869346,0.10036140972433859,-0.0006397385752003071
2671,-121.85600000000001,-66.476,217.18,402.048,561.0792640846095,0.0006464290053456752,-6.761401419478904e-05
2677,-120.32000000000001,-61.7935,53.249500000000005,102.848,564.4299892049888,0.09186246913170935,0.0001208738132304352
2679,-121.28,-60.7175,201.4535,402.624,1093.6920706932228,-0.38647120871393476,0.0005908909362575341
2680,-30.464000000000002,-15.495500000000002,20.0,75.0,598.6426125133903,-0.08130087966751136,-0.0007129727530012196
2681,-120.57600000000001,-76.56,50.0,150.0,836.8001520819464,-0.11772125086124233,0.0004185876283049013
2688,-121.34400000000001,-62.977000000000004,95.649,150.976,567.8269461556533,-0.014658798536110509,0.0001067826476852562
2690,-120.256,-60.1635,201.91750000000002,403.648,528.7379322296051,0.0020220794945550176,2.5271441936639274e-05
2691,-120.83200000000001,-62.658,216.96200000000002,403.072,613.0621479464371,0.024778771225938825,-0.00024415914038548284
2693,-121.85600000000001,-61.117000000000004,201.05100000000002,402.048,640.1472361006936,0.21422690892066382,-0.0003335222509773674
2695,-120.83200000000001,-10.0,100.0,200.0,504.7188423346276,-0.15755780439128658,6.93259351777542e-05
2696,-121.85600000000001,-60.749,224.397,402.048,597.9185781859261,-0.06108426193644296,5.46616276036631e-05
2697,-8.192,-4.8225,264.7265,515.712,571.262314525095,-0.09518166996827429,5.316814449743616e-05
2700,-120.83200000000001,-58.575500000000005,232.8795,403.072,983.3545439048766,-0.08517009183393426,-0.00020826233742668478
2701,-121.85600000000001,-61.5465,201.1285,402.048,598.0981348053236,0.026523908260219997,-4.4980769165690104e-05
2703,-121.98400000000001,-57.09150000000001,234.9155,401.92,1186.265670001508,-0.08125765582217756,0.00011289989009088689
2709,-120.32000000000001,-60.420500000000004,211.68449999999999,403.584,836.9816945476744,0.05029283785638109,-0.00016767201542327816
2711,-120.32000000000001,-60.194500000000005,265.85850000000005,403.584,546.3068787686217,0.06272170837377421,-7.860315154123309e-06
2715,-121.85600000000001,-60.9735,50.0,100.0,882.2178737214164,-0.24523841460761447,-0.00020492572242799745
2719,-120.83200000000001,-62.5925,220.1285,403.072,522.7050550471552,-0.09611477151581585,0.0001267991767124422
2725,-120.83200000000001,-65.5685,211.13649999999998,403.072,593.5048405973671,-0.035789250506840495,3.0258781441647316e-05
2727,-121.85600000000001,-10.0,159.70999999999998,252.864,530.5123055544525,-0.015104244571106016,-8.296531030953216e-05
2728,-121.536,-10.0,50.0,150.0,1214.0299812322037,0.5806462986489098,-0.00029892786975041903
2736,-120.06400000000001,-10.0,50.0,150.0,655.0472290799632,0.3323860301417825,-0.0002527520264135959
2748,-120.96000000000001,-10.0,201.64550000000003,402.944,621.1357635441317,0.03265618329396953,-6.946024326912039e-05
2749,-120.768,-62.938,210.282,403.136,575.5010111402502,0.0047018113908991405,1.635546387477482e-05
2750,-40.0,-5.0,50.0,150.0,620.6646108458181,-0.4910415956392942,0.001544283731332137
2751,-120.83200000000001,-64.2645,213.8005,403.072,608.6555927095374,-0.1674187025485389,9.626360942471654e-05
2753,-120.83200000000001,-61.8605,211.57250000000002,403.072,551.1962313715984,-0.01824836081036663,3.076102744098086e-05
2755,-121.408,-10.0,100.0,250.0,1031.3901696779797,0.08596767200137896,0.0006306424797413109
2757,-120.128,-60.1415,201.9335,403.776,924.532547403947,-0.005479265796654005,-6.143499150127664e-05
2760,-120.06400000000001,-60.648,204.16800000000003,403.84000000000003,514.7061800491573,-0.044872182027417544,3.983741201308629e-05
2767,-120.83200000000001,-61.228,218.12400000000002,403.072,537.9330667757624,0.019930812021895564,7.819082767143089e-05
2770,-260.096,-140.0,158.40099999999998,263.808,619.8680766866918,0.026454819282701,-8.520437854173845e-05
2774,-250.88,-50.0,147.363,273.024,580.4493331121989,0.057311938682668456,-9.331423626053698e-05
2775,-120.83200000000001,-64.482,217.32999999999998,403.072,562.3268292489279,-0.19111444919702755,0.00012778756382793405
2776,-121.60000000000001,-62.792,201.4485,402.30400000000003,601.488028647836,-0.18254063089076217,0.00021390959340872545
2780,-121.34400000000001,-60.92850000000001,229.5045,402.56,919.8000119858236,-0.19685181599696094,0.00014835721509249745
2788,-120.44800000000001,-60.257000000000005,202.18,403.456,520.5998441778866,-0.0950062232094134,1.8660499986191918e-05
2790,-120.83200000000001,-58.691,226.21099999999998,403.072,569.0632083250363,-0.08848300899725385,0.00010291642019297444
2793,-121.34400000000001,-60.993500000000004,205.1535,402.56,794.7689419234547,0.0254099083871282,8.447538297215962e-05
2795,-121.34400000000001,-10.0,300.0,402.56,613.2012960292301,0.20217880314896006,-0.00011624341058555711
2797,-121.664,-60.869,205.70100000000002,402.24,605.3352284086981,-0.05128289547493777,3.061582309584347e-05
2798,-121.85600000000001,-57.25150000000001,230.49949999999998,402.048,579.2613867748773,0.26080943972072274,-0.0002967986511243934
2799,-120.83200000000001,-60.478,203.279,403.072,635.0005598414647,0.08048971631695873,-8.741766218238429e-05
2800,-120.83200000000001,-60.6595,182.4515,364.48,626.8992370501679,-0.1294561117328206,-1.9359340089924147e-05
2801,-121.34400000000001,-60.813500000000005,201.35750000000002,402.56,639.9380694918908,-0.008770271585735333,-8.322426712708262e-05
2810,-121.34400000000001,-60.99700000000001,202.362,402.56,595.24666982864,0.10192787078127452,-6.538510370571917e-06
2812,-121.34400000000001,-60.642,217.154,402.56,500.5888202165693,0.10316481118834712,1.0115538877266202e-05
2814,-121.34400000000001,-60.749500000000005,91.91749999999999,183.744,607.0577534049692,0.007909253392679274,8.725717625921275e-05
2815,-121.85600000000001,-10.0,230.487,330.688,625.9664972729086,-0.025664536956505578,8.240176686254803e-05
2821,-71.872,-10.0,226.181,452.032,617.6585019902317,-0.05163466629592956,0.00011319775423799572
2823,-120.128,-10.0,201.95950000000002,403.776,654.4179357139982,-0.1366147630114127,0.0001441500927094388
2825,-121.85600000000001,-10.0,100.0,200.0,721.970549188537,0.38939375945736493,0.00014554045646038096
2828,-120.57600000000001,-60.545,201.82750000000001,403.32800000000003,520.6311496709693,0.05951617160490058,0.0002025619763014734
2830,-120.06400000000001,-60.388000000000005,203.46000000000004,403.84000000000003,589.5637633325728,0.06926163271587259,1.7546942881780896e-05
2831,-184.32,-30.0,252.5515,339.584,564.7403782322999,0.06912852341750064,0.00019544500671680594
2834,-121.85600000000001,-60.93750000000001,50.0,100.0,489.33804610135724,0.03822696837554416,0.00011089714156985337
2843,-121.60000000000001,-61.540000000000006,50.0,100.0,579.3541039413941,0.02475561254515134,-0.00011253126535110091
2844,-121.60000000000001,-61.06,202.532,402.30400000000003,632.5887870910451,-0.05043607829661969,-7.225694714923457e-06
2846,-121.21600000000001,-60.633,201.362,402.688,938.965474108817,-0.1461760334047924,-0.00021190294995724362
2848,-56.32,-29.05,237.53,467.584,563.2042839475632,0.022631578928994357,-0.00010023678869953185
2849,-120.83200000000001,-10.0,50.0,350.0,959.1994680229853,0.0513633588057239,-9.750401344761046e-05
2850,-121.85600000000001,-61.349000000000004,201.92499999999998,402.048,520.3496100854082,0.043185940974038335,3.382858214674234e-05
2851,-121.85600000000001,-10.0,100.0,250.0,568.6552044932534,0.1457875646900203,-1.8607993139823414e-05
2852,-2.816,-1.0,100.0,521.088,477.5802473981449,0.0360657126534875,7.328548797291621e-05
2853,-120.32000000000001,-63.504000000000005,206.49599999999998,403.584,1050.0817790864817,0.0038363730734078164,-0.00038010401557963267
2855,-121.85600000000001,-10.0,100.0,402.048,875.8482520116793,-0.05954571094990688,0.0003447631979375892
2856,-33.792,-9.319500000000001,312.7115,490.112,628.9767131094283,-0.02022891379998256,-2.2375962719636268e-05
2857,-121.85600000000001,-69.2885,206.29649999999998,402.048,589.4560535098686,0.01715827513446663,-3.0671772569817803e-05
2860,-120.0,-60.0475,202.70399999999998,403.904,890.159805194341,0.03204312733262164,-0.00010357603643325981
2861,-120.896,-10.0,201.7315,403.008,638.9826173734964,-0.11640847679748505,-0.00011899545691301015
2862,-121.152,-50.0,208.357,402.752,509.72132259332807,-0.19627949540373432,0.00023958842907242857
2863,-50.0,-10.0,75.0,250.0,744.1648917708073,-0.2845707350434575,0.0005050302964815984
2864,-120.83200000000001,-66.9495,214.3255,403.072,516.9908380847893,-0.0299447754962992,-8.816587552203754e-06
2873,-121.92,-61.237500000000004,201.2725,401.984,550.0265494491008,0.008088619784683965,1.412185549289919e-05
2877,-120.83200000000001,-10.0,150.0,250.0,581.1504648077732,0.1821948167221402,0.000624607428510298
2879,-75.0,-10.0,201.45600000000002,402.624,487.5400774031723,-0.06349297503554667,5.4171848188326846e-05
2880,-121.792,-10.0,50.0,100.0,523.655679534113,-0.026853979943893172,1.4580353772998505e-05
2889,-120.83200000000001,-10.0,245.12099999999998,403.072,1174.3982042525563,0.14439511250960577,-7.467695839967699e-05
2890,-121.08800000000001,-61.379000000000005,229.37900000000002,402.81600000000003,1040.282534742745,-0.17677320574609895,0.00022668008787011875
2891,-120.83200000000001,-60.06550000000001,233.02550000000002,403.072,579.7914102988458,0.000991482830085227,-1.7167041067363953e-05
2892,-120.44800000000001,-60.307500000000005,201.8525,403.456,538.9499475635213,0.023619921282187078,0.00025567912656844293
2893,-121.85600000000001,-64.2585,25.0,50.0,551.2273960323407,-0.002722913084431027,0.0007624918508649565
2894,-120.06400000000001,-60.0105,204.2345,403.84000000000003,643.4759811465713,-0.16301619102542025,0.00018053071082423658
2896,-121.60000000000001,-60.81250000000001,201.40050000000002,402.30400000000003,617.6046302384754,0.07812312471933311,-0.00012315691945281935
2897,-120.32000000000001,-10.0,217.057,403.584,579.0491898248902,-0.039286915484765504,5.8209198479719433e-05
2898,-121.85600000000001,-20.0,208.83450000000002,402.048,519.5410701453573,-0.07721589498626419,3.726386944378656e-05
2901,-121.85600000000001,-63.429,216.005,402.048,582.4092132400622,0.014533823152936526,0.00010678804620025775
2910,-120.896,-60.675,201.763,403.008,551.2672658949571,-0.028110233300453372,7.221994010927895e-05
2913,-121.72800000000001,-62.9635,211.9075,402.176,563.0826401150201,-0.31204809968657893,0.0002117590991928056
2916,-121.34400000000001,-63.036500000000004,205.13250000000002,402.56,526.0816681159477,-0.09098651796296177,3.3395741051108086e-06
2917,-97.28,-10.0,50.0,200.0,907.0193664852546,0.7362497953026694,9.093774182164769e-05
2918,-121.85600000000001,-61.005500000000005,125.6455,250.816,780.6264500936346,-0.05372036090236415,-1.1181965902402906e-05
2919,-121.152,-13.0,207.37199999999999,402.752,574.6745276109071,0.02991468356728355,0.0001015910103231709
2922,-60.0,-10.0,283.273,403.072,673.122791961609,-0.18181781342042516,-8.081771450559763e-05
2924,-121.85600000000001,-61.587,270.86699999999996,402.048,699.6405650578437,0.11692818681904643,-0.0005319305542184284
2925,-121.408,-10.0,209.9175,402.496,574.3451086132743,-0.09184514392010591,0.00010393441918462925
2927,-120.83200000000001,-15.0,20.0,60.0,594.1890489569315,-0.03987403200646241,0.0005183588795306031
2929,-121.47200000000001,-59.042500000000004,224.7385,402.432,786.9302363576293,0.07889814689635209,-2.4880731728771646e-05
2931,-120.83200000000001,-65.6855,221.8615,403.072,553.6928742815207,-0.005115644445685984,4.1602853818816714e-05
2932,-120.83200000000001,-63.597500000000004,128.5415,251.84,681.1545015885482,-0.06812295648118348,-0.0005551778493686415
2933,-121.536,-10.0,201.32549999999998,402.368,1094.9935685227401,-0.08981935115858186,0.00018668992391286803
2944,-120.768,-60.549,171.58900000000003,337.92,578.4615886161026,-0.002749205836677659,2.8798722195832245e-05
2945,-120.0,-60.3275,203.46349999999998,403.904,543.7401964376087,0.0990125235498642,0.000256806505387788
2947,-121.85600000000001,-63.8725,210.83249999999998,402.048,539.1220620891637,-0.040398444131075906,1.7962107713677504e-05
2948,-120.83200000000001,-69.726,247.118,403.072,611.1765957346,-0.20340700213515392,0.00018602257513039336
2950,-116.736,-60.732,217.452,407.168,559.1052752205552,0.006675939867703402,-6.385524524307404e-05
2951,-84.736,-42.7015,221.77349999999998,439.168,579.1735318649762,0.007469524229012072,-3.279046087461885e-05
2952,-120.128,-10.0,202.222,403.776,844.611523823467,0.11059909157791137,0.0003276956099317996
2958,-150.72,-91.4035,190.1715,373.184,562.443344712309,-0.11958827100873042,4.553259796541982e-05
2961,-121.85600000000001,-10.0,246.4785,402.048,545.419111083187,0.04544189217228789,-9.880622372415998e-05
2964,-121.08800000000001,-60.577000000000005,201.53300000000002,402.81600000000003,595.7219735642701,-0.04964978459379255,5.531224712502166e-05
2966,-118.08,-59.1,203.019,405.824,527.4594062981319,-0.07414887236770037,-3.06276969430029e-05
2973,-121.98400000000001,-61.3175,36.324000000000005,72.512,657.5092298054823,0.42495668091671046,0.0007895594277798254
2975,-120.57600000000001,-60.349500000000006,143.6025,286.912,744.9166910347512,-0.03948836616907959,0.00014513708970089162
2977,-121.28,-60.8135,201.5175,402.624,1134.6139098794326,0.19409986786126937,1.1257583206185173e-06
2978,-121.08800000000001,-60.68300000000001,201.53700000000003,402.81600000000003,498.970094242865,-0.07164300162423648,5.279796661361906e-05
2980,-120.83200000000001,-61.35850000000001,202.9605,403.072,563.3836422222354,-0.09233813439591039,0.0001697594373001336
2984,-121.47200000000001,-10.0,52.0,79.0,1298.7738934257734,0.537915130967585,0.002362120534327661
2985,-120.83200000000001,-62.7625,218.3465,403.072,583.7101163283007,-0.018598260623863674,-0.00012113069054414566
2986,-70.0,-10.0,113.224,222.848,530.3208890427911,-0.045831209599529146,2.572945124049586e-05
2987,-385.79200000000003,-193.263,69.29499999999999,138.112,518.1977629549648,-0.009221365905599677,1.5097548949470627e-05
2988,-121.536,-60.7815,203.5975,402.368,920.6511828969182,0.09117654368208804,-0.00024558777148254773
2990,-120.83200000000001,-65.548,206.14000000000001,403.072,602.0447950855308,-0.04040732873229611,3.5764616124636274e-05
2992,-121.85600000000001,-64.1925,211.80849999999998,402.048,595.3775029771984,0.09892729137000474,-0.000341848709215667
2993,-120.256,-60.385,225.05700000000002,403.648,589.1038284336921,-0.038753873480610164,2.5876902704631108e-05
2994,-121.21600000000001,-60.6405,100.0,200.0,1156.7064974920024,0.6266335928799025,-0.00026680483238947895
2995,-121.47200000000001,-10.0,50.0,100.0,568.350842295579,0.003923196637912183,0.0010384487193373462
2996,-120.83200000000001,-10.0,227.4285,403.072,575.8571414431943,-0.0872819611543059,0.00016986947963543945
2998,-121.85600000000001,-75.43950000000001,212.60750000000002,402.048,559.3924825498619,-0.04111839345945137,4.2758567699160236e-05
3001,-120.83200000000001,-60.32300000000001,217.571,403.072,568.2119560240011,0.012986398487169811,-6.227287078405013e-05
